,sat_datetime,sat_cv,sat_latitude,sat_longitude,sat_pixel_valid,sat_chlor_a,sat_carbon_phyto,sat_pic,sat_poc,sat_chlor_a_unc,sat_carbon_phyto_unc,PLATFORM_NUMBER,CYCLE_NUMBER
0,2026-02-13 10:06:55+00:00,,64.79365,-4.428861,0.0,,,,,,,1902602,201
1,2026-02-13 11:45:15+00:00,,64.79695,-4.4405737,0.0,,,,,,,1902602,201
2,2026-02-13 13:18:34+00:00,,64.7948,-4.4094505,16.0,,,,,,,1902602,201
3,2026-02-18 09:44:55+00:00,,64.84247,-4.464646,0.0,,,,,,,1902602,202
4,2026-02-18 11:23:14+00:00,,64.81741,-4.4668674,0.0,,,,,,,1902602,202
5,2026-02-18 12:56:34+00:00,,64.81243,-4.4701333,0.0,,,,,,,1902602,202
6,2026-02-28 10:34:13+00:00,,64.468124,-4.515563,15.0,1.0462154150009155,20.89044189453125,1.5330811947933398e-05,197.199951171875,0.27479681372642517,4.229244709014893,1902602,204
7,2026-02-28 12:12:33+00:00,,64.77596,-4.630725,25.0,0.40548282861709595,11.735716819763184,2.6150391931878403e-05,100.83068084716797,0.0464307926595211,1.6229172945022583,1902602,204
8,2026-02-28 13:50:52+00:00,,64.79644,-4.6772676,0.0,,,,,,,1902602,204
9,2026-03-05 10:12:15+00:00,,64.77316,-4.594018,0.0,,,,,,,1902602,205
10,2026-03-05 11:50:35+00:00,,64.75867,-4.5972695,0.0,,,,,,,1902602,205
11,2026-03-05 13:28:54+00:00,,64.76258,-4.5583353,0.0,,,,,,,1902602,205
12,2026-03-10 09:50:13+00:00,,64.670715,-4.6921086,0.0,,,,,,,1902602,206
13,2026-03-10 11:28:33+00:00,,64.6914,-4.6861806,0.0,,,,,,,1902602,206
14,2026-03-10 13:06:53+00:00,,64.700226,-4.6798286,0.0,,,,,,,1902602,206
15,2026-03-15 11:06:31+00:00,,64.67166,-4.662843,0.0,,,,,,,1902602,207
16,2026-03-15 12:44:50+00:00,,64.664055,-4.6677003,0.0,,,,,,,1902602,207
17,2026-03-25 10:22:14+00:00,,64.6697,-4.7029214,0.0,,,,,,,1902602,209
18,2026-03-25 12:00:34+00:00,,64.64421,-4.7157054,0.0,,,,,,,1902602,209
19,2026-03-25 13:38:53+00:00,,64.64954,-4.687637,0.0,,,,,,,1902602,209
20,2026-03-30 10:00:04+00:00,,64.59018,-4.7389417,0.0,,,,,,,1902602,210
21,2026-03-30 11:38:24+00:00,,64.56879,-4.7516856,0.0,,,,,,,1902602,210
22,2026-03-30 13:11:43+00:00,,64.56138,-4.7663307,0.0,,,,,,,1902602,210
23,2026-04-04 11:16:12+00:00,,64.56464,-4.7537293,0.0,,,,,,,1902602,211
24,2026-04-04 12:49:32+00:00,,64.55154,-4.7765436,0.0,,,,,,,1902602,211
25,2026-04-09 10:53:56+00:00,,64.46379,-4.9348593,21.0,0.27117523550987244,13.33729076385498,3.8331374526023865e-05,73.89994049072266,0.030300049111247063,1.1466010808944702,1902602,212
26,2026-04-09 12:27:15+00:00,,64.44844,-4.946501,13.0,0.2669387757778168,21.294029235839844,5.799780410598032e-05,77.66655731201172,0.031131884083151817,1.519026756286621,1902602,212
27,2026-04-14 10:31:37+00:00,,64.373955,-5.13639,18.0,,,,,,,1902602,213
28,2026-04-14 12:04:57+00:00,,64.360466,-5.155265,9.0,0.4193410277366638,9.904797554016113,2.399832010269165e-05,103.25697326660156,0.04240778833627701,1.1665421724319458,1902602,213
29,2026-04-14 13:43:16+00:00,,64.35798,-5.1100707,0.0,,,,,,,1902602,213
30,2026-04-19 10:09:16+00:00,,64.31347,-5.436884,0.0,,,,,,,1902602,214
31,2026-04-19 11:42:36+00:00,,64.3112,-5.4289026,0.0,,,,,,,1902602,214
32,2026-04-19 13:20:55+00:00,,64.305214,-5.464304,0.0,,,,,,,1902602,214
33,2026-04-24 11:20:36+00:00,,64.32728,-5.5877643,0.0,,,,,,,1902602,215
34,2026-04-24 12:58:55+00:00,,64.3253,-5.610855,0.0,,,,,,,1902602,215
35,2026-04-29 04:35:00+00:00,,64.35204,-5.7297387,0.0,,,,,,,1902602,216
36,2026-04-29 10:58:18+00:00,,64.37021,-5.739119,0.0,,,,,,,1902602,216
37,2026-04-29 12:36:38+00:00,,64.36852,-5.737067,0.0,,,,,,,1902602,216
38,2026-05-04 04:12:40+00:00,,64.41648,-5.7575507,9.0,,,,,,,1902602,217
39,2026-05-04 10:35:58+00:00,,64.388626,-5.764744,0.0,,,,,,,1902602,217
40,2026-05-04 12:14:17+00:00,,64.40635,-5.769488,0.0,,,,,,,1902602,217
41,2026-05-04 13:52:36+00:00,,64.39293,-5.705768,0.0,,,,,,,1902602,217
42,2026-05-09 03:50:16+00:00,,64.438805,-5.749576,25.0,,,,,,,1902602,218
43,2026-05-09 10:13:34+00:00,,64.46313,-5.734833,0.0,,,,,,,1902602,218
44,2026-05-09 11:51:53+00:00,,64.43505,-5.7505674,0.0,,,,,,,1902602,218
45,2026-05-09 13:30:12+00:00,,64.433556,-5.779814,0.0,,,,,,,1902602,218
46,2026-05-14 03:27:49+00:00,,64.4023,-5.819922,25.0,,,,,,,1902602,219
47,2026-05-14 09:51:07+00:00,,64.37924,-5.8436418,10.0,0.4980992376804352,45.136451721191406,0.00019479691400192678,117.8399429321289,0.09762713313102722,2.5481104850769043,1902602,219
48,2026-05-14 11:29:26+00:00,,64.4099,-5.830686,10.0,0.8463358283042908,33.878990173339844,0.00010649766772985458,170.59991455078125,0.05615728721022606,1.0416501760482788,1902602,219
49,2026-05-14 13:07:45+00:00,,64.41677,-5.8133993,3.0,0.9552275538444519,33.16032409667969,0.00010333210229873657,185.5333709716797,0.1027858778834343,1.053437352180481,1902602,219
50,2026-05-19 03:05:20+00:00,,64.3682,-5.8922305,25.0,,,,,,,1902602,220
51,2026-05-19 04:43:39+00:00,,64.33838,-5.8729625,0.0,,,,,,,1902602,220
52,2026-05-19 11:06:56+00:00,,64.36932,-5.8865576,18.0,1.5669649839401245,51.7607421875,0.00013133138418197632,259.5666198730469,0.477464884519577,3.756093740463257,1902602,220
53,2026-05-19 12:45:15+00:00,,64.36761,-5.8826537,0.0,,,,,,,1902602,220
54,2026-02-18 11:18:14+00:00,,59.933838,-7.424796,0.0,,,,,,,1902637,128
55,2026-02-18 12:56:34+00:00,,59.937416,-7.4251876,0.0,,,,,,,1902637,128
56,2026-02-20 14:06:26+00:00,,59.207058,-44.89559,0.0,,,,,,,1902695,89
57,2026-02-20 15:44:46+00:00,,59.211002,-44.907135,0.0,,,,,,,1902695,89
58,2026-03-01 14:25:48+00:00,,60.2191,-49.102604,0.0,,,,,,,1902695,90
59,2026-03-01 16:04:07+00:00,,60.217762,-49.122585,0.0,,,,,,,1902695,90
60,2026-03-10 14:45:12+00:00,,60.496605,-49.628563,0.0,,,,,,,1902695,91
61,2026-03-10 16:23:32+00:00,,60.50911,-49.641106,0.0,,,,,,,1902695,91
62,2026-03-19 13:26:05+00:00,,61.851456,-51.56715,0.0,,,,,,,1902695,92
63,2026-03-19 15:04:25+00:00,,61.82438,-51.58358,0.0,,,,,,,1902695,92
64,2026-03-19 16:42:44+00:00,,61.827187,-51.602028,0.0,,,,,,,1902695,92
65,2026-03-28 13:45:16+00:00,,61.797405,-52.77059,0.0,,,,,,,1902695,93
66,2026-03-28 15:18:36+00:00,,61.796032,-52.78233,0.0,,,,,,,1902695,93
67,2026-03-28 16:56:55+00:00,,61.79517,-52.839336,0.0,,,,,,,1902695,93
68,2026-04-06 14:04:17+00:00,,61.96322,-53.597908,0.0,,,,,,,1902695,94
69,2026-04-06 15:37:36+00:00,,61.96601,-53.600315,0.0,,,,,,,1902695,94
70,2026-04-15 14:18:08+00:00,,62.205536,-54.043953,0.0,,,,,,,1902695,95
71,2026-04-15 15:56:27+00:00,,62.211395,-54.043198,0.0,,,,,,,1902695,95
72,2026-04-24 14:37:15+00:00,,62.598824,-55.336033,0.0,,,,,,,1902695,96
73,2026-04-24 16:15:34+00:00,,62.611908,-55.326347,0.0,,,,,,,1902695,96
74,2026-05-03 14:56:06+00:00,,62.58847,-55.713596,0.0,,,,,,,1902695,97
75,2026-05-03 16:34:25+00:00,,62.57648,-55.73747,0.0,,,,,,,1902695,97
76,2026-05-12 07:13:07+00:00,,62.34412,-55.901554,25.0,,,,,,,1902695,98
77,2026-05-12 13:36:24+00:00,,62.3309,-55.929325,0.0,,,,,,,1902695,98
78,2026-05-12 15:14:44+00:00,,62.357265,-55.91163,0.0,,,,,,,1902695,98
79,2026-05-12 16:53:03+00:00,,62.363308,-55.935055,0.0,,,,,,,1902695,98
80,2026-05-21 07:31:36+00:00,,62.35572,-57.335026,0.0,,,,,,,1902695,99
81,2026-05-21 13:54:53+00:00,,62.38507,-57.35601,0.0,,,,,,,1902695,99
82,2026-05-21 15:33:12+00:00,,62.37838,-57.34822,0.0,,,,,,,1902695,99
83,2026-05-21 17:06:32+00:00,,62.37886,-57.33446,0.0,,,,,,,1902695,99
84,2026-02-15 12:50:07+00:00,,54.23159,-19.208588,0.0,,,,,,,3901580,117
85,2026-02-15 14:28:27+00:00,,54.223217,-19.212431,0.0,,,,,,,3901580,117
86,2026-02-25 12:06:06+00:00,,54.69367,-19.408775,0.0,,,,,,,3901580,118
87,2026-02-25 13:44:25+00:00,,54.668545,-19.436928,0.0,,,,,,,3901580,118
88,2026-03-07 13:00:26+00:00,,54.885735,-19.234533,0.0,,,,,,,3901580,119
89,2026-03-07 14:33:45+00:00,,54.881733,-19.219559,1.0,0.33801934123039246,15.026113510131836,2.5995075702667236e-05,92.19970703125,0.11646244674921036,2.724933624267578,3901580,119
90,2026-03-17 12:16:16+00:00,,55.915615,-18.908781,0.0,,,,,,,3901580,120
91,2026-03-17 13:49:36+00:00,,55.913296,-18.917816,0.0,,,,,,,3901580,120
92,2026-03-27 13:05:22+00:00,,56.058266,-18.956291,0.0,,,,,,,3901580,121
93,2026-03-27 14:43:42+00:00,,56.062565,-18.95272,0.0,,,,,,,3901580,121
94,2026-04-06 12:20:57+00:00,,56.186176,-19.330704,0.0,,,,,,,3901580,122
95,2026-04-06 13:59:17+00:00,,56.19423,-19.327452,0.0,,,,,,,3901580,122
96,2026-04-16 13:14:40+00:00,,56.67186,-20.292147,0.0,,,,,,,3901580,123
97,2026-04-16 14:53:00+00:00,,56.673428,-20.289383,1.0,0.2736588716506958,17.293622970581055,3.600120544433594e-05,78.0,0.050797238945961,1.5540902614593506,3901580,123
98,2026-04-26 12:30:21+00:00,,56.932423,-20.717451,0.0,,,,,,,3901580,124
99,2026-04-26 14:03:41+00:00,,56.718815,-20.711315,0.0,,,,,,,3901580,124
100,2026-05-06 13:18:59+00:00,,57.121563,-20.699017,0.0,,,,,,,3901580,125
101,2026-02-14 13:53:31+00:00,,48.698254,-23.33221,0.0,,,,,,,3901582,98
102,2026-02-24 13:09:30+00:00,,48.86274,-23.375395,0.0,,,,,,,3901582,99
103,2026-02-24 14:42:49+00:00,,48.87499,-23.373337,0.0,,,,,,,3901582,99
104,2026-03-06 13:58:50+00:00,,49.056595,-23.255531,0.0,,,,,,,3901582,100
105,2026-03-16 13:14:41+00:00,,48.98539,-23.031097,0.0,,,,,,,3901582,101
106,2026-03-16 14:53:01+00:00,,48.989765,-23.003021,0.0,,,,,,,3901582,101
107,2026-03-26 14:08:48+00:00,,48.719654,-23.391462,0.0,,,,,,,3901582,102
108,2026-04-05 13:24:25+00:00,,48.72223,-23.672663,0.0,,,,,,,3901582,103
109,2026-04-05 14:57:44+00:00,,48.71727,-23.662363,0.0,,,,,,,3901582,103
110,2026-04-15 12:39:49+00:00,,48.94018,-23.817558,0.0,,,,,,,3901582,104
111,2026-04-15 14:13:08+00:00,,48.96009,-23.813662,0.0,,,,,,,3901582,104
112,2026-04-25 13:28:48+00:00,,49.4061,-23.970963,0.0,,,,,,,3901582,105
113,2026-05-05 12:44:08+00:00,,49.710766,-24.392538,0.0,,,,,,,3901582,106
114,2026-05-05 14:22:27+00:00,,49.70845,-24.389584,0.0,,,,,,,3901582,106
115,2026-05-15 13:37:35+00:00,,50.19894,-24.795443,0.0,,,,,,,3901582,107
116,2026-02-15 12:50:07+00:00,,53.260487,-23.231543,0.0,,,,,,,3901583,101
117,2026-02-15 14:28:27+00:00,,53.264713,-23.21542,0.0,,,,,,,3901583,101
118,2026-02-25 13:44:25+00:00,,53.4178,-23.74426,0.0,,,,,,,3901583,102
119,2026-03-07 13:00:26+00:00,,53.501343,-24.287363,0.0,,,,,,,3901583,103
120,2026-03-07 14:33:45+00:00,,53.501286,-24.30122,0.0,,,,,,,3901583,103
121,2026-03-17 13:49:36+00:00,,53.193916,-24.844759,7.0,0.16735287010669708,23.189971923828125,6.499886512756348e-05,56.39982223510742,0.016647398471832275,1.7146549224853516,3901583,104
122,2026-03-27 13:05:22+00:00,,52.86956,-26.352968,0.0,,,,,,,3901583,105
123,2026-03-27 14:43:42+00:00,,52.88633,-26.339258,0.0,,,,,,,3901583,105
124,2026-04-06 13:59:17+00:00,,53.748184,-26.882416,0.0,,,,,,,3901583,106
125,2026-04-16 13:14:40+00:00,,53.77865,-25.757988,0.0,,,,,,,3901583,107
126,2026-04-16 14:53:00+00:00,,53.783318,-25.764187,0.0,,,,,,,3901583,107
127,2026-04-26 12:30:21+00:00,,53.05016,-25.386826,0.0,,,,,,,3901583,108
128,2026-04-26 14:03:41+00:00,,53.06278,-25.379217,0.0,,,,,,,3901583,108
129,2026-05-06 13:18:59+00:00,,52.91594,-26.215473,0.0,,,,,,,3901583,109
130,2026-05-06 14:57:19+00:00,,52.91937,-26.200726,0.0,,,,,,,3901583,109
131,2026-02-15 12:55:07+00:00,,62.736164,-38.4652,0.0,,,,,,,3901586,118
132,2026-02-15 14:28:27+00:00,,62.723846,-38.478348,0.0,,,,,,,3901586,118
133,2026-02-15 16:06:47+00:00,,62.722088,-38.46325,0.0,,,,,,,3901586,118
134,2026-02-25 13:44:25+00:00,,62.716434,-39.326904,0.0,,,,,,,3901586,119
135,2026-02-25 15:22:45+00:00,,62.71015,-39.343533,0.0,,,,,,,3901586,119
136,2026-03-07 13:00:26+00:00,,61.9539,-39.595497,0.0,,,,,,,3901586,120
137,2026-03-07 14:38:45+00:00,,61.955406,-39.598476,0.0,,,,,,,3901586,120
138,2026-03-07 16:17:05+00:00,,61.990993,-39.839245,0.0,,,,,,,3901586,120
139,2026-03-17 13:54:36+00:00,,61.074066,-40.92667,0.0,,,,,,,3901586,121
140,2026-03-17 15:32:55+00:00,,61.08839,-40.90701,25.0,0.27655932307243347,12.294938087463379,3.212364390492439e-05,73.22488403320312,0.03737473487854004,1.571333408355713,3901586,121
141,2026-03-27 13:10:22+00:00,,59.66544,-42.068623,0.0,,,,,,,3901586,122
142,2026-03-27 14:43:42+00:00,,59.64982,-42.085724,0.0,,,,,,,3901586,122
143,2026-03-27 16:22:01+00:00,,59.647335,-42.152664,0.0,,,,,,,3901586,122
144,2026-04-06 13:59:17+00:00,,59.339714,-44.161983,17.0,0.3480517268180847,20.233381271362305,5.908920138608664e-05,90.38170623779297,0.029993923380970955,1.0336226224899292,3901586,123
145,2026-04-06 15:37:36+00:00,,59.33219,-44.161774,19.0,0.3689361810684204,18.425697326660156,4.6458953875117004e-05,94.06140899658203,0.029043598100543022,1.0819745063781738,3901586,123
146,2026-04-15 14:18:08+00:00,,60.35495,-48.43364,0.0,,,,,,,3901586,124
147,2026-04-15 15:56:27+00:00,,60.35754,-48.428837,0.0,,,,,,,3901586,124
148,2026-04-25 13:33:48+00:00,,61.64795,-51.168922,0.0,,,,,,,3901586,125
149,2026-04-25 15:12:08+00:00,,61.677002,-51.153534,0.0,,,,,,,3901586,125
150,2026-04-25 16:50:27+00:00,,61.673363,-51.141342,0.0,,,,,,,3901586,125
151,2026-05-05 14:27:27+00:00,,61.258083,-52.33152,0.0,,,,,,,3901586,126
152,2026-05-05 16:05:47+00:00,,61.254314,-52.3483,0.0,,,,,,,3901586,126
153,2026-05-15 07:19:18+00:00,,61.801277,-54.12129,0.0,,,,,,,3901586,127
154,2026-05-15 13:42:35+00:00,,61.824806,-54.132782,0.0,,,,,,,3901586,127
155,2026-05-15 15:20:54+00:00,,61.81991,-54.133595,0.0,,,,,,,3901586,127
156,2026-05-15 16:54:13+00:00,,61.81562,-54.172424,0.0,,,,,,,3901586,127
157,2026-02-20 12:28:06+00:00,,57.60436,-30.650194,0.0,,,,,,,3902258,59
158,2026-02-20 14:06:26+00:00,,57.59474,-30.658545,0.0,,,,,,,3902258,59
159,2026-03-12 12:38:24+00:00,,57.955185,-30.891085,0.0,,,,,,,3902258,61
160,2026-03-12 14:16:44+00:00,,57.936054,-30.911114,0.0,,,,,,,3902258,61
161,2026-03-22 13:27:29+00:00,,57.688877,-30.9168,0.0,,,,,,,3902258,62
162,2026-03-22 15:05:48+00:00,,57.696163,-30.926329,0.0,,,,,,,3902258,62
163,2026-04-11 13:37:00+00:00,,58.152435,-28.524824,0.0,,,,,,,3902258,64
164,2026-04-11 15:15:19+00:00,,58.146183,-28.534061,5.0,0.240838885307312,11.371846199035645,2.399583718215581e-05,63.59993362426758,0.0392119437456131,1.5160703659057617,3902258,64
165,2026-04-21 12:52:35+00:00,,58.21799,-27.926594,0.0,,,,,,,3902258,65
166,2026-04-21 14:30:55+00:00,,58.233738,-27.906548,0.0,,,,,,,3902258,65
167,2026-05-11 14:34:54+00:00,,58.255703,-28.400373,25.0,0.6026443839073181,30.7646541595459,8.399831131100655e-05,134.33740234375,0.04743722826242447,1.4694139957427979,3902258,67
168,2026-05-22 12:46:23+00:00,,58.608723,-28.278177,0.0,,,,,,,3902258,68
169,2026-05-22 14:24:42+00:00,,58.59275,-28.288347,0.0,,,,,,,3902258,68
170,2026-02-16 11:51:42+00:00,,62.927242,-23.710491,0.0,,,,,,,3902259,59
171,2026-02-16 13:25:02+00:00,,62.932327,-23.692226,0.0,,,,,,,3902259,59
172,2026-02-16 15:03:21+00:00,,62.93368,-23.719639,0.0,,,,,,,3902259,59
173,2026-02-26 12:41:01+00:00,,62.981228,-24.014708,0.0,,,,,,,3902259,60
174,2026-02-26 14:19:21+00:00,,62.981876,-24.026802,0.0,,,,,,,3902259,60
175,2026-03-12 12:38:24+00:00,,62.49093,-21.583399,0.0,,,,,,,3902259,61
176,2026-03-12 14:16:44+00:00,,62.477566,-21.586044,0.0,,,,,,,3902259,61
177,2026-03-22 11:54:09+00:00,,62.306934,-22.897518,0.0,,,,,,,3902259,62
178,2026-03-22 13:32:29+00:00,,62.29486,-22.895176,0.0,,,,,,,3902259,62
179,2026-03-22 15:10:48+00:00,,62.286983,-22.890007,0.0,,,,,,,3902259,62
180,2026-04-01 12:43:11+00:00,,62.048473,-23.888008,0.0,,,,,,,3902259,63
181,2026-04-01 14:21:31+00:00,,62.276066,-23.946037,0.0,,,,,,,3902259,63
182,2026-04-11 11:58:40+00:00,,62.577953,-24.16039,0.0,,,,,,,3902259,64
183,2026-04-11 13:37:00+00:00,,62.58965,-24.158947,0.0,,,,,,,3902259,64
184,2026-04-21 12:52:35+00:00,,62.182693,-23.612146,0.0,,,,,,,3902259,65
185,2026-04-21 14:30:55+00:00,,62.192158,-23.591856,0.0,,,,,,,3902259,65
186,2026-04-22 11:49:09+00:00,,62.157806,-23.61354,0.0,,,,,,,3902259,65
187,2026-05-01 13:46:22+00:00,,61.82875,-24.884514,25.0,0.2807060480117798,18.21571922302246,4.986425119568594e-05,77.86653900146484,0.025023268535733223,1.212883472442627,3902259,66
188,2026-05-02 12:42:55+00:00,,61.827732,-24.899366,0.0,,,,,,,3902259,66
189,2026-05-22 04:49:46+00:00,,61.165287,-27.338354,25.0,,,,,,,3902259,68
190,2026-05-22 12:51:23+00:00,,61.164654,-27.34206,0.0,,,,,,,3902259,68
191,2026-05-22 14:24:42+00:00,,61.176098,-27.323505,0.0,,,,,,,3902259,68
192,2026-02-17 12:21:38+00:00,,57.4248,-25.254745,0.0,,,,,,,3902261,57
193,2026-02-17 13:59:58+00:00,,57.443943,-25.225685,0.0,,,,,,,3902261,57
194,2026-02-18 12:56:34+00:00,,57.439682,-25.215511,0.0,,,,,,,3902261,58
195,2026-02-18 14:34:54+00:00,,57.432526,-25.22927,0.0,,,,,,,3902261,58
196,2026-02-28 12:12:33+00:00,,57.445335,-25.832607,0.0,,,,,,,3902261,59
197,2026-02-28 13:50:52+00:00,,57.446976,-25.82476,0.0,,,,,,,3902261,59
198,2026-03-10 13:06:53+00:00,,57.36644,-26.72806,0.0,,,,,,,3902261,60
199,2026-03-10 14:45:12+00:00,,57.366024,-26.724676,0.0,,,,,,,3902261,60
200,2026-03-30 13:11:43+00:00,,58.34225,-26.22892,0.0,,,,,,,3902261,62
201,2026-03-30 14:50:03+00:00,,58.34507,-26.19754,0.0,,,,,,,3902261,62
202,2026-04-19 13:20:55+00:00,,58.466,-24.782297,0.0,,,,,,,3902261,64
203,2026-04-19 14:59:15+00:00,,58.468884,-24.738922,0.0,,,,,,,3902261,64
204,2026-04-29 12:36:38+00:00,,58.39697,-22.474354,0.0,,,,,,,3902261,65
205,2026-04-29 14:14:57+00:00,,58.395874,-22.47211,0.0,,,,,,,3902261,65
206,2026-05-09 11:51:53+00:00,,59.18845,-20.680494,0.0,,,,,,,3902261,66
207,2026-05-09 13:25:12+00:00,,59.166637,-20.695139,0.0,,,,,,,3902261,66
208,2026-02-19 15:09:50+00:00,,54.178883,-47.46857,0.0,,,,,,,3902331,60
209,2026-03-12 14:16:44+00:00,,54.19288,-47.625515,0.0,,,,,,,3902331,62
210,2026-03-12 15:50:03+00:00,,54.188423,-47.627502,0.0,,,,,,,3902331,62
211,2026-03-22 15:05:48+00:00,,54.127438,-47.512928,0.0,,,,,,,3902331,63
212,2026-04-01 14:21:31+00:00,,54.372364,-47.7022,0.0,,,,,,,3902331,64
213,2026-04-01 15:59:50+00:00,,54.379654,-47.697285,0.0,,,,,,,3902331,64
214,2026-04-11 15:15:19+00:00,,54.46983,-47.92296,0.0,,,,,,,3902331,65
215,2026-04-21 14:30:55+00:00,,54.324207,-48.175034,0.0,,,,,,,3902331,66
216,2026-04-21 16:04:14+00:00,,54.3312,-48.186195,0.0,,,,,,,3902331,66
217,2026-05-01 13:46:22+00:00,,54.60889,-47.322433,10.0,0.419070839881897,23.87526512145996,7.032975554466248e-05,104.966552734375,0.11836419254541397,1.375618577003479,3902331,67
218,2026-05-01 15:19:41+00:00,,54.570286,-47.3397,25.0,0.29766735434532166,20.316116333007812,6.23512823949568e-05,82.21171569824219,0.026418406516313553,0.9857159852981567,3902331,67
219,2026-05-11 14:34:54+00:00,,54.62883,-46.676163,25.0,0.5328704714775085,25.557004928588867,8.359750063391402e-05,122.99987030029297,0.024961449205875397,0.8798858523368835,3902331,68
220,2026-05-11 16:13:13+00:00,,54.630962,-46.682343,0.0,,,,,,,3902331,68
221,2026-05-21 13:49:53+00:00,,54.60031,-46.309948,0.0,,,,,,,3902331,69
222,2026-05-21 15:28:12+00:00,,54.609066,-46.298733,0.0,,,,,,,3902331,69
223,2026-02-14 12:15:11+00:00,,54.94567,-15.516843,0.0,,,,,,,3902688,51
224,2026-02-14 13:53:31+00:00,,54.95197,-15.52473,0.0,,,,,,,3902688,51
225,2026-02-19 11:53:10+00:00,,54.51685,-15.922646,0.0,,,,,,,3902688,52
226,2026-02-19 13:31:30+00:00,,54.536,-15.909031,0.0,,,,,,,3902688,52
227,2026-02-24 13:09:30+00:00,,54.319042,-15.905164,0.0,,,,,,,3902688,53
228,2026-03-01 12:47:28+00:00,,54.163033,-15.984393,0.0,,,,,,,3902688,54
229,2026-03-01 14:25:48+00:00,,54.16196,-15.953574,0.0,,,,,,,3902688,54
230,2026-03-06 12:25:30+00:00,,54.011654,-16.04618,0.0,,,,,,,3902688,55
231,2026-03-06 13:58:50+00:00,,54.015793,-16.042828,0.0,,,,,,,3902688,55
232,2026-03-11 12:03:29+00:00,,53.935696,-16.040903,0.0,,,,,,,3902688,56
233,2026-03-11 13:36:48+00:00,,53.937454,-16.033213,0.0,,,,,,,3902688,56
234,2026-03-16 13:14:41+00:00,,54.001465,-16.107132,0.0,,,,,,,3902688,57
235,2026-03-26 12:30:28+00:00,,54.07426,-16.351954,0.0,,,,,,,3902688,59
236,2026-03-26 14:08:48+00:00,,54.075844,-16.328989,0.0,,,,,,,3902688,59
237,2026-03-31 12:08:18+00:00,,54.20065,-16.241158,0.0,,,,,,,3902688,60
238,2026-03-31 13:46:37+00:00,,54.222347,-16.2156,0.0,,,,,,,3902688,60
239,2026-04-04 14:27:51+00:00,,54.360878,-16.036465,0.0,,,,,,,3902688,61
240,2026-04-05 11:46:05+00:00,,54.37276,-15.992791,0.0,,,,,,,3902688,61
241,2026-04-05 13:24:25+00:00,,54.351395,-16.017384,0.0,,,,,,,3902688,61
242,2026-04-10 13:02:07+00:00,,54.526237,-15.977334,0.0,,,,,,,3902688,62
243,2026-04-15 12:39:49+00:00,,54.69099,-16.078953,0.0,,,,,,,3902688,63
244,2026-04-15 14:18:08+00:00,,54.680897,-16.111008,0.0,,,,,,,3902688,63
245,2026-04-20 12:17:42+00:00,,55.136093,-15.917536,25.0,0.4801959991455078,15.822258949279785,3.8397807657020167e-05,114.02659606933594,0.036953847855329514,1.113634467124939,3902688,64
246,2026-04-20 13:56:01+00:00,,55.13849,-15.911685,5.0,0.5040111541748047,22.756362915039062,6.266435229917988e-05,118.73307037353516,0.06303396075963974,1.2998526096343994,3902688,64
247,2026-04-24 12:58:55+00:00,,55.17692,-16.499832,0.0,,,,,,,3902688,65
248,2026-04-24 14:32:15+00:00,,55.175446,-16.50731,0.0,,,,,,,3902688,65
249,2026-04-29 12:36:38+00:00,,54.910305,-17.119638,25.0,2.303966522216797,62.445011138916016,0.0001647038443479687,335.75286865234375,0.20434004068374634,2.0919363498687744,3902688,66
250,2026-04-29 14:09:57+00:00,,54.92642,-17.09193,25.0,2.6203629970550537,69.46068572998047,0.0001649978948989883,365.642822265625,0.313164085149765,2.1530308723449707,3902688,66
251,2026-05-03 13:12:46+00:00,,54.845257,-17.526512,10.0,0.6666012406349182,43.330570220947266,0.00018599815666675568,144.2998046875,0.04606914520263672,0.873480498790741,3902688,67
252,2026-05-08 12:50:22+00:00,,54.8022,-17.722103,4.0,0.40346553921699524,34.244285583496094,0.00013799965381622314,102.0,0.054521042853593826,0.94623202085495,3902688,68
253,2026-05-08 14:28:41+00:00,,54.79162,-17.769835,0.0,,,,,,,3902688,68
254,2026-05-12 11:53:05+00:00,,54.915028,-17.679764,0.0,,,,,,,3902688,69
255,2026-05-12 13:31:24+00:00,,54.90484,-17.680601,12.0,0.28916966915130615,35.16969299316406,0.00012644214439205825,87.66655731201172,0.031381893903017044,1.5488367080688477,3902688,69
256,2026-05-17 13:08:55+00:00,,54.870636,-17.81761,0.0,,,,,,,3902688,70
257,2026-05-21 12:11:34+00:00,,54.71972,-18.153147,0.0,,,,,,,3902688,71
258,2026-05-21 13:49:53+00:00,,54.707123,-18.151085,0.0,,,,,,,3902688,71
259,2026-04-22 15:00:48+00:00,,45.487774,-43.704758,0.0,,,,,,,4902627,96
260,2026-05-02 14:16:14+00:00,,45.594883,-41.55387,0.0,,,,,,,4902627,97
261,2026-05-02 15:54:33+00:00,,45.581978,-41.581425,0.0,,,,,,,4902627,97
262,2026-05-22 14:24:42+00:00,,45.0714,-42.015415,0.0,,,,,,,4902627,99
263,2026-05-22 15:58:01+00:00,,45.078934,-41.98094,0.0,,,,,,,4902627,99
264,2026-02-16 15:03:21+00:00,,53.14198,-49.481056,0.0,,,,,,,4902675,68
265,2026-02-16 16:41:41+00:00,,53.14371,-49.45031,0.0,,,,,,,4902675,68
266,2026-02-26 14:19:21+00:00,,53.14476,-49.909813,0.0,,,,,,,4902675,69
267,2026-02-26 15:57:41+00:00,,53.16791,-49.87874,0.0,,,,,,,4902675,69
268,2026-03-08 15:08:41+00:00,,53.0439,-49.608173,0.0,,,,,,,4902675,70
269,2026-03-08 16:47:00+00:00,,53.037117,-49.658604,0.0,,,,,,,4902675,70
270,2026-03-17 15:27:55+00:00,,53.150852,-49.704655,0.0,,,,,,,4902675,71
271,2026-03-28 15:18:36+00:00,,53.523586,-49.81821,0.0,,,,,,,4902675,72
272,2026-04-07 14:34:09+00:00,,53.949684,-49.99137,0.0,,,,,,,4902675,73
273,2026-04-07 16:12:29+00:00,,53.946407,-49.990837,0.0,,,,,,,4902675,73
274,2026-04-17 15:27:51+00:00,,54.346138,-49.84866,0.0,,,,,,,4902675,74
275,2026-04-27 14:43:32+00:00,,54.709442,-49.21773,0.0,,,,,,,4902675,75
276,2026-04-27 16:16:51+00:00,,54.722614,-49.190372,0.0,,,,,,,4902675,75
277,2026-05-06 14:57:19+00:00,,54.883503,-49.26744,0.0,,,,,,,4902675,76
278,2026-05-06 16:35:38+00:00,,54.892754,-49.222534,0.0,,,,,,,4902675,76
279,2026-05-17 14:49:17+00:00,,54.66589,-48.70223,0.0,,,,,,,4902675,77
280,2026-05-17 16:25:33+00:00,,54.668297,-48.687412,0.0,,,,,,,4902675,77
281,2026-02-17 13:54:58+00:00,,45.2133,-34.894505,0.0,,,,,,,4902677,64
282,2026-02-17 15:33:17+00:00,,45.355297,-34.969982,0.0,,,,,,,4902677,64
283,2026-02-26 14:14:21+00:00,,45.43099,-35.37149,0.0,,,,,,,4902677,65
284,2026-02-22 15:16:18+00:00,,60.412903,-57.34818,0.0,,,,,,,4902684,166
285,2026-02-22 16:54:37+00:00,,60.411175,-57.35136,0.0,,,,,,,4902684,166
286,2026-03-10 14:45:12+00:00,,60.459297,-58.04215,0.0,,,,,,,4902684,169
287,2026-03-10 16:23:32+00:00,,60.45653,-58.04825,0.0,,,,,,,4902684,169
288,2026-03-15 14:23:10+00:00,,60.49571,-58.37097,0.0,,,,,,,4902684,170
289,2026-03-15 16:01:29+00:00,,60.49533,-58.37076,0.0,,,,,,,4902684,170
290,2026-03-25 16:50:32+00:00,,60.34696,-58.527306,0.0,,,,,,,4902684,172
291,2026-03-26 14:13:48+00:00,,60.34301,-58.550438,0.0,,,,,,,4902684,172
292,2026-03-26 15:47:07+00:00,,60.33822,-58.5499,0.0,,,,,,,4902684,172
293,2026-03-31 15:24:57+00:00,,60.312054,-58.318012,0.0,,,,,,,4902684,173
294,2026-03-31 17:03:16+00:00,,60.31114,-58.337997,0.0,,,,,,,4902684,173
295,2026-04-05 15:02:44+00:00,,60.17364,-58.814014,0.0,,,,,,,4902684,174
296,2026-04-05 16:41:04+00:00,,60.15634,-58.82543,0.0,,,,,,,4902684,174
297,2026-04-10 14:40:27+00:00,,60.027306,-58.927273,0.0,,,,,,,4902684,175
298,2026-04-10 16:18:46+00:00,,60.014614,-58.941772,0.0,,,,,,,4902684,175
299,2026-04-15 14:18:08+00:00,,59.6289,-58.54833,0.0,,,,,,,4902684,176
300,2026-04-15 15:56:27+00:00,,59.644054,-58.527122,10.0,0.23919758200645447,19.163143157958984,5.7998298871098086e-05,69.11982727050781,0.02191689796745777,1.222997784614563,4902684,176
301,2026-05-06 15:02:19+00:00,,59.002346,-58.654816,0.0,,,,,,,4902684,180
302,2026-05-06 16:35:38+00:00,,58.996887,-58.654057,0.0,,,,,,,4902684,180
303,2026-05-17 16:25:33+00:00,,58.674786,-57.05693,0.0,,,,,,,4902684,182
304,2026-05-22 16:03:01+00:00,,58.297997,-56.538353,0.0,,,,,,,4902684,183
305,2026-02-17 13:59:58+00:00,,56.811497,-51.008423,0.0,,,,,,,4902685,161
306,2026-02-17 15:38:17+00:00,,56.788845,-51.02803,0.0,,,,,,,4902685,161
307,2026-02-22 15:16:18+00:00,,56.48327,-50.87423,0.0,,,,,,,4902685,162
308,2026-02-22 16:54:37+00:00,,56.48098,-50.914883,0.0,,,,,,,4902685,162
309,2026-02-27 14:54:16+00:00,,56.186024,-50.709194,0.0,,,,,,,4902685,163
310,2026-02-27 16:32:36+00:00,,56.17988,-50.738235,0.0,,,,,,,4902685,163
311,2026-03-10 14:45:12+00:00,,56.41782,-50.813675,0.0,,,,,,,4902685,165
312,2026-03-10 16:18:32+00:00,,56.428623,-50.79185,0.0,,,,,,,4902685,165
313,2026-03-15 14:23:10+00:00,,56.437496,-51.013363,0.0,,,,,,,4902685,166
314,2026-03-15 15:56:29+00:00,,56.438274,-51.010708,0.0,,,,,,,4902685,166
315,2026-03-25 15:12:13+00:00,,56.626797,-51.174015,0.0,,,,,,,4902685,168
316,2026-03-25 16:50:32+00:00,,56.630634,-51.207626,0.0,,,,,,,4902685,168
317,2026-03-26 14:08:48+00:00,,56.646126,-51.157288,0.0,,,,,,,4902685,168
318,2026-03-31 13:46:37+00:00,,56.81832,-51.129017,0.0,,,,,,,4902685,169
319,2026-03-31 15:24:57+00:00,,56.825504,-51.13256,0.0,,,,,,,4902685,169
320,2026-02-15 14:28:27+00:00,,52.777485,-50.338863,0.0,,,,,,,4902686,146
321,2026-02-15 16:06:47+00:00,,52.769417,-50.35656,0.0,,,,,,,4902686,146
322,2026-02-20 14:06:26+00:00,,52.41393,-49.96054,0.0,,,,,,,4902686,147
323,2026-02-20 15:44:46+00:00,,52.43218,-49.935284,0.0,,,,,,,4902686,147
324,2026-02-25 15:22:45+00:00,,52.337086,-49.640114,0.0,,,,,,,4902686,148
325,2026-03-03 15:30:42+00:00,,52.390453,-49.61407,0.0,,,,,,,4902686,149
326,2026-03-08 15:08:41+00:00,,52.025364,-49.600994,0.0,,,,,,,4902686,150
327,2026-03-08 16:47:00+00:00,,52.01622,-49.560726,0.0,,,,,,,4902686,150
328,2026-03-13 14:46:39+00:00,,51.680386,-49.3901,0.0,,,,,,,4902686,151
329,2026-03-13 16:24:59+00:00,,51.677372,-49.40454,0.0,,,,,,,4902686,151
330,2026-03-18 14:24:30+00:00,,51.29835,-48.886055,0.0,,,,,,,4902686,152
331,2026-03-18 16:02:50+00:00,,51.296844,-48.887264,0.0,,,,,,,4902686,152
332,2026-03-23 14:02:24+00:00,,50.94929,-48.354206,0.0,,,,,,,4902686,153
333,2026-03-23 15:40:44+00:00,,50.943054,-48.364895,0.0,,,,,,,4902686,153
334,2026-03-29 14:15:10+00:00,,50.67123,-48.140163,0.0,,,,,,,4902686,154
335,2026-03-29 15:53:30+00:00,,50.67662,-48.121437,0.0,,,,,,,4902686,154
336,2026-04-03 15:31:17+00:00,,50.420124,-48.263153,0.0,,,,,,,4902686,155
337,2026-04-08 15:09:02+00:00,,49.91766,-48.082325,0.0,,,,,,,4902686,156
338,2026-04-18 15:57:43+00:00,,49.481274,-47.483868,0.0,,,,,,,4902686,158
339,2026-04-24 14:32:15+00:00,,49.46721,-47.278545,0.0,,,,,,,4902686,159
340,2026-04-24 16:10:34+00:00,,49.47506,-47.27113,0.0,,,,,,,4902686,159
341,2026-04-29 14:09:57+00:00,,49.32808,-47.19525,8.0,0.5049557685852051,25.734962463378906,6.966417276998982e-05,118.39998626708984,0.06367447227239609,1.3365145921707153,4902686,160
342,2026-04-29 15:48:16+00:00,,49.33339,-47.18699,25.0,0.5132710933685303,27.341527938842773,8.747099491301924e-05,119.48416900634766,0.04672319069504738,0.9778243899345398,4902686,160
343,2026-05-04 15:25:56+00:00,,49.281628,-47.139954,0.0,,,,,,,4902686,161
344,2026-05-09 15:03:31+00:00,,49.132298,-47.003628,0.0,,,,,,,4902686,162
345,2026-05-14 16:19:24+00:00,,48.878437,-46.70182,25.0,0.9761406779289246,39.10466003417969,0.00010755368566606194,188.35546875,0.10797958821058273,1.420854091644287,4902686,163
346,2026-05-15 15:15:54+00:00,,48.879505,-46.701393,0.0,,,,,,,4902686,163
347,2026-05-20 14:53:24+00:00,,48.981396,-45.86909,0.0,,,,,,,4902686,164
348,2026-05-20 16:31:43+00:00,,48.978615,-45.90313,0.0,,,,,,,4902686,164
349,2026-02-14 13:53:31+00:00,,58.76053,-47.688053,13.0,0.9643550515174866,48.67700958251953,7.74972140789032e-05,186.625,0.07876046746969223,8.591043472290039,4902687,142
350,2026-02-14 15:31:50+00:00,,58.780437,-47.676662,0.0,,,,,,,4902687,142
351,2026-02-19 13:31:30+00:00,,58.820065,-47.278503,0.0,,,,,,,4902687,143
352,2026-02-19 15:09:50+00:00,,58.85443,-47.260555,12.0,0.2964479327201843,9.36865234375,2.0797549950657412e-05,77.99980163574219,0.04377954825758934,1.754656434059143,4902687,143
353,2026-02-24 14:47:49+00:00,,58.88236,-47.138866,0.0,,,,,,,4902687,144
354,2026-02-24 16:26:09+00:00,,58.888763,-47.160328,0.0,,,,,,,4902687,144
355,2026-03-01 14:25:48+00:00,,59.02758,-46.95933,0.0,,,,,,,4902687,145
356,2026-03-01 16:04:07+00:00,,59.01959,-46.964653,0.0,,,,,,,4902687,145
357,2026-03-06 14:03:50+00:00,,59.09022,-46.99586,0.0,,,,,,,4902687,146
358,2026-03-06 15:42:10+00:00,,59.089115,-46.992245,0.0,,,,,,,4902687,146
359,2026-03-11 13:41:48+00:00,,59.188255,-47.016144,0.0,,,,,,,4902687,147
360,2026-03-11 15:20:08+00:00,,59.16222,-47.02299,0.0,,,,,,,4902687,147
361,2026-03-16 16:31:20+00:00,,59.12561,-46.976944,0.0,,,,,,,4902687,148
362,2026-03-17 13:54:36+00:00,,59.130325,-47.021545,0.0,,,,,,,4902687,148
363,2026-03-17 15:27:55+00:00,,58.778946,-46.9626,0.0,,,,,,,4902687,148
364,2026-03-22 13:32:29+00:00,,59.101624,-46.990875,0.0,,,,,,,4902687,149
365,2026-03-22 15:05:48+00:00,,59.093777,-47.00654,0.0,,,,,,,4902687,149
366,2026-03-27 14:43:42+00:00,,59.21634,-47.147434,0.0,,,,,,,4902687,150
367,2026-03-27 16:22:01+00:00,,59.20256,-47.19016,0.0,,,,,,,4902687,150
368,2026-04-01 14:21:31+00:00,,59.14341,-47.04928,0.0,,,,,,,4902687,151
369,2026-04-01 15:59:50+00:00,,59.153652,-47.065037,0.0,,,,,,,4902687,151
370,2026-04-06 13:59:17+00:00,,59.09497,-46.938683,0.0,,,,,,,4902687,152
371,2026-04-06 15:37:36+00:00,,59.100456,-46.944344,0.0,,,,,,,4902687,152
372,2026-04-11 13:37:00+00:00,,59.60671,-47.18977,0.0,,,,,,,4902687,153
373,2026-04-11 15:15:19+00:00,,59.59584,-47.18324,0.0,,,,,,,4902687,153
374,2026-04-16 14:53:00+00:00,,60.133865,-48.365673,0.0,,,,,,,4902687,154
375,2026-04-16 16:31:19+00:00,,60.13538,-48.356316,0.0,,,,,,,4902687,154
376,2026-04-21 14:30:55+00:00,,60.553394,-49.736557,0.0,,,,,,,4902687,155
377,2026-04-21 16:09:14+00:00,,60.55844,-49.72421,0.0,,,,,,,4902687,155
378,2026-04-26 14:08:41+00:00,,60.986694,-51.100826,0.0,,,,,,,4902687,156
379,2026-04-26 15:47:00+00:00,,60.981697,-51.10984,0.0,,,,,,,4902687,156
380,2026-05-01 13:46:22+00:00,,61.42071,-52.477505,0.0,,,,,,,4902687,157
381,2026-05-01 15:24:41+00:00,,61.402126,-52.491325,0.0,,,,,,,4902687,157
382,2026-05-01 17:03:01+00:00,,61.39055,-52.456696,0.0,,,,,,,4902687,157
383,2026-05-12 07:13:07+00:00,,60.899124,-54.226746,25.0,,,,,,,4902687,159
384,2026-05-12 13:36:24+00:00,,60.92022,-54.21787,0.0,,,,,,,4902687,159
385,2026-05-12 15:14:44+00:00,,60.904125,-54.226902,0.0,,,,,,,4902687,159
386,2026-05-17 06:50:38+00:00,,61.24317,-55.116882,25.0,,,,,,,4902687,160
387,2026-05-17 16:25:33+00:00,,61.25556,-55.10522,0.0,,,,,,,4902687,160
388,2026-05-22 06:28:06+00:00,,61.412106,-54.66876,25.0,,,,,,,4902687,161
389,2026-05-22 16:03:01+00:00,,61.40602,-54.660027,25.0,1.09413743019104,35.52578353881836,7.692036888329312e-05,203.10757446289062,0.11941103637218475,1.5552082061767578,4902687,161
390,2026-02-16 15:03:21+00:00,,60.044292,-55.48455,0.0,,,,,,,4902688,125
391,2026-02-16 16:41:41+00:00,,60.04929,-55.47137,0.0,,,,,,,4902688,125
392,2026-02-22 15:16:18+00:00,,60.238274,-55.53043,0.0,,,,,,,4902688,126
393,2026-02-22 16:54:37+00:00,,60.232716,-55.52484,0.0,,,,,,,4902688,126
394,2026-03-18 14:29:30+00:00,,59.938297,-56.400993,0.0,,,,,,,4902688,130
395,2026-03-18 16:07:50+00:00,,59.923702,-56.404316,0.0,,,,,,,4902688,130
396,2026-03-24 14:42:19+00:00,,59.60754,-56.11425,0.0,,,,,,,4902688,131
397,2026-03-24 16:15:38+00:00,,59.622612,-56.118435,0.0,,,,,,,4902688,131
398,2026-03-30 14:50:03+00:00,,59.35285,-56.13959,0.0,,,,,,,4902688,132
399,2026-03-30 16:28:22+00:00,,59.341686,-56.134758,0.0,,,,,,,4902688,132
400,2026-04-05 15:02:44+00:00,,59.148884,-56.325844,0.0,,,,,,,4902688,133
401,2026-04-05 16:41:04+00:00,,59.1476,-56.32534,0.0,,,,,,,4902688,133
402,2026-04-11 15:15:19+00:00,,59.124516,-56.870583,0.0,,,,,,,4902688,134
403,2026-04-11 16:53:38+00:00,,59.125965,-56.896854,0.0,,,,,,,4902688,134
404,2026-04-17 15:27:51+00:00,,59.136242,-57.20621,0.0,,,,,,,4902688,135
405,2026-04-17 17:06:11+00:00,,59.13243,-57.20074,0.0,,,,,,,4902688,135
406,2026-04-23 14:02:22+00:00,,59.07474,-57.149826,0.0,,,,,,,4902688,136
407,2026-04-23 15:40:41+00:00,,59.09088,-57.150936,0.0,,,,,,,4902688,136
408,2026-04-23 17:19:00+00:00,,59.08952,-57.15309,0.0,,,,,,,4902688,136
409,2026-04-29 14:14:57+00:00,,59.124886,-57.10803,0.0,,,,,,,4902688,137
410,2026-04-29 15:53:16+00:00,,59.09307,-57.130672,0.0,,,,,,,4902688,137
411,2026-05-05 14:27:27+00:00,,58.97806,-56.87789,0.0,,,,,,,4902688,138
412,2026-05-05 16:00:47+00:00,,58.601482,-56.845932,0.0,,,,,,,4902688,138
413,2026-05-11 14:39:54+00:00,,58.40605,-56.576523,0.0,,,,,,,4902688,139
414,2026-05-11 16:13:13+00:00,,58.40457,-56.57317,0.0,,,,,,,4902688,139
415,2026-05-17 14:49:17+00:00,,57.943954,-56.390694,0.0,,,,,,,4902688,140
416,2026-05-17 16:25:33+00:00,,57.95253,-56.38776,0.0,,,,,,,4902688,140
417,2026-02-17 12:21:38+00:00,,57.69503,-27.378819,0.0,,,,,,,4903488,103
418,2026-02-17 13:59:58+00:00,,57.691647,-27.386194,0.0,,,,,,,4903488,103
419,2026-02-27 13:15:57+00:00,,57.917862,-27.175592,0.0,,,,,,,4903488,104
420,2026-02-27 14:54:16+00:00,,57.930164,-27.1687,0.0,,,,,,,4903488,104
421,2026-03-09 12:31:57+00:00,,57.83659,-27.205332,0.0,,,,,,,4903488,105
422,2026-03-09 14:10:17+00:00,,57.850796,-27.193445,0.0,,,,,,,4903488,105
423,2026-03-19 13:26:05+00:00,,58.171944,-27.097942,0.0,,,,,,,4903488,106
424,2026-03-19 14:59:25+00:00,,58.169895,-27.072094,0.0,,,,,,,4903488,106
425,2026-03-29 12:36:51+00:00,,58.165646,-27.119072,0.0,,,,,,,4903488,107
426,2026-03-29 14:15:10+00:00,,58.15676,-27.118893,0.0,,,,,,,4903488,107
427,2026-04-08 15:09:02+00:00,,58.526173,-26.473866,0.0,,,,,,,4903488,108
428,2026-04-09 12:27:15+00:00,,58.526493,-26.466715,0.0,,,,,,,4903488,108
429,2026-04-09 14:05:35+00:00,,58.521004,-26.468971,1.0,0.12778867781162262,40.50395202636719,0.0001659989356994629,60.7998046875,0.014968731440603733,2.873643398284912,4903488,108
430,2026-04-19 13:20:55+00:00,,58.793915,-25.753368,0.0,,,,,,,4903488,109
431,2026-04-19 14:59:15+00:00,,58.79274,-25.756706,0.0,,,,,,,4903488,109
432,2026-04-29 12:36:38+00:00,,58.738396,-24.468483,0.0,,,,,,,4903488,110
433,2026-04-29 14:14:57+00:00,,58.746754,-24.461885,0.0,,,,,,,4903488,110
434,2026-05-09 13:25:12+00:00,,58.045727,-23.608112,0.0,,,,,,,4903488,111
435,2026-05-09 15:03:31+00:00,,58.044006,-23.597994,0.0,,,,,,,4903488,111
436,2026-05-19 12:40:15+00:00,,58.125687,-25.038193,25.0,0.22276653349399567,15.90246295928955,5.014081034460105e-05,61.55706024169922,0.020372632890939713,1.0950106382369995,4903488,112
437,2026-05-19 14:18:34+00:00,,58.11736,-25.042091,16.0,0.24554623663425446,13.47110652923584,3.9497390389442444e-05,64.14984130859375,0.01992145925760269,0.9831426739692688,4903488,112
438,2026-02-17 15:38:17+00:00,,58.451183,-57.030525,0.0,,,,,,,4903532,103
439,2026-02-17 17:16:37+00:00,,58.439983,-57.00082,0.0,,,,,,,4903532,103
440,2026-02-18 14:34:54+00:00,,58.45607,-57.015354,0.0,,,,,,,4903532,103
441,2026-02-27 14:54:16+00:00,,58.372234,-57.12649,0.0,,,,,,,4903532,104
442,2026-02-27 16:32:36+00:00,,58.38609,-57.134487,0.0,,,,,,,4903532,104
443,2026-03-09 15:48:36+00:00,,58.16351,-56.98674,0.0,,,,,,,4903532,105
444,2026-03-19 15:04:25+00:00,,57.861874,-56.662502,0.0,,,,,,,4903532,106
445,2026-03-19 16:37:44+00:00,,57.857952,-56.687023,0.0,,,,,,,4903532,106
446,2026-03-29 15:53:30+00:00,,57.56225,-56.531433,0.0,,,,,,,4903532,107
447,2026-03-30 14:50:03+00:00,,57.554375,-56.546017,0.0,,,,,,,4903532,107
448,2026-04-09 14:05:35+00:00,,57.26259,-56.241497,0.0,,,,,,,4903532,108
449,2026-04-09 15:43:54+00:00,,57.295444,-56.22495,0.0,,,,,,,4903532,108
450,2026-04-19 14:59:15+00:00,,57.586388,-55.98693,0.0,,,,,,,4903532,109
451,2026-04-19 16:37:34+00:00,,57.574226,-56.005142,0.0,,,,,,,4903532,109
452,2026-04-29 14:14:57+00:00,,57.48182,-55.333103,0.0,,,,,,,4903532,110
453,2026-04-29 15:53:16+00:00,,57.45821,-55.348797,0.0,,,,,,,4903532,110
454,2026-05-09 15:08:31+00:00,,57.748924,-55.640175,0.0,,,,,,,4903532,111
455,2026-05-09 16:41:51+00:00,,57.75994,-55.612133,0.0,,,,,,,4903532,111
456,2026-05-19 14:23:34+00:00,,57.97678,-57.06783,6.0,1.0975180864334106,30.578075408935547,3.349967300891876e-05,204.099853515625,0.41827815771102905,6.002161979675293,4903532,112
457,2026-05-19 15:56:54+00:00,,57.98075,-57.059906,25.0,6.232858180999756,87.9502182006836,1.3543462046072818e-05,641.5999755859375,2.6151328086853027,12.607760429382324,4903532,112
458,2026-02-15 12:50:07+00:00,,51.051655,-25.164822,0.0,,,,,,,4903634,142
459,2026-02-15 14:28:27+00:00,,51.06716,-25.140823,0.0,,,,,,,4903634,142
460,2026-02-25 13:44:25+00:00,,51.30557,-24.942577,0.0,,,,,,,4903634,143
461,2026-03-07 12:55:26+00:00,,51.30811,-24.54154,0.0,,,,,,,4903634,144
462,2026-03-07 14:33:45+00:00,,51.30171,-24.565073,0.0,,,,,,,4903634,144
463,2026-03-16 13:14:41+00:00,,51.03027,-24.539215,0.0,,,,,,,4903634,145
464,2026-03-16 14:53:01+00:00,,51.01697,-24.553782,0.0,,,,,,,4903634,145
465,2026-03-26 12:30:28+00:00,,50.869663,-24.504213,0.0,,,,,,,4903634,146
466,2026-03-26 14:08:48+00:00,,50.899433,-24.481588,0.0,,,,,,,4903634,146
467,2026-04-04 12:49:32+00:00,,50.539528,-24.71243,0.0,,,,,,,4903634,147
468,2026-04-04 14:27:51+00:00,,50.55842,-24.704103,0.0,,,,,,,4903634,147
469,2026-04-13 13:08:24+00:00,,50.603897,-24.506775,0.0,,,,,,,4903634,148
470,2026-04-13 14:41:44+00:00,,50.595234,-24.523563,0.0,,,,,,,4903634,148
471,2026-04-22 13:22:28+00:00,,50.92152,-24.727207,0.0,,,,,,,4903634,149
472,2026-04-22 15:00:48+00:00,,50.91501,-24.724062,0.0,,,,,,,4903634,149
473,2026-05-02 12:37:55+00:00,,51.107853,-26.120779,25.0,0.761073887348175,50.307373046875,0.00020883232355117798,158.3665008544922,0.04010150954127312,1.4058605432510376,4903634,150
474,2026-05-02 14:16:14+00:00,,51.122665,-26.108898,25.0,0.5931581854820251,47.88260269165039,0.0002052919880952686,132.7293243408203,0.026098424568772316,1.1568126678466797,4903634,150
475,2026-05-11 12:56:34+00:00,,50.559307,-26.406565,0.0,,,,,,,4903634,151
476,2026-05-11 14:34:54+00:00,,50.575256,-26.398615,0.0,,,,,,,4903634,151
477,2026-05-20 13:15:04+00:00,,50.184967,-26.881598,0.0,,,,,,,4903634,152
478,2026-05-20 14:53:24+00:00,,50.183964,-26.890371,0.0,,,,,,,4903634,152
479,2026-03-15 14:18:10+00:00,,45.32976,-41.325676,0.0,,,,,,,5906440,182
480,2026-03-15 15:56:29+00:00,,45.33193,-41.34783,0.0,,,,,,,5906440,182
481,2026-03-25 15:12:13+00:00,,46.014526,-39.9119,0.0,,,,,,,5906440,183
482,2026-04-04 14:27:51+00:00,,46.91125,-40.548996,0.0,,,,,,,5906440,184
483,2026-04-04 16:01:11+00:00,,46.919716,-40.51895,0.0,,,,,,,5906440,184
484,2026-04-14 15:16:36+00:00,,46.45323,-41.537487,0.0,,,,,,,5906440,185
485,2026-04-24 14:32:15+00:00,,45.188858,-40.29755,0.0,,,,,,,5906440,186
486,2026-04-24 16:10:34+00:00,,45.18628,-40.30217,0.0,,,,,,,5906440,186
487,2026-03-07 09:48:46+00:00,,68.28949,-0.65110546,0.0,,,,,,,5907193,60
488,2026-03-07 11:22:06+00:00,,68.28721,-0.65930355,0.0,,,,,,,5907193,60
489,2026-03-07 13:00:26+00:00,,68.286865,-0.6564556,0.0,,,,,,,5907193,60
490,2026-03-12 09:26:45+00:00,,68.84372,-1.3775889,0.0,,,,,,,5907193,61
491,2026-03-12 11:00:04+00:00,,68.83011,-1.3770883,0.0,,,,,,,5907193,61
492,2026-03-12 12:38:24+00:00,,68.848526,-1.3589497,0.0,,,,,,,5907193,61
493,2026-03-17 09:04:37+00:00,,69.03418,-2.1101484,0.0,,,,,,,5907193,62
494,2026-03-17 10:37:57+00:00,,69.01116,-2.0939143,0.0,,,,,,,5907193,62
495,2026-03-17 12:16:16+00:00,,69.00474,-2.1126106,0.0,,,,,,,5907193,62
496,2026-03-17 13:54:36+00:00,,69.031876,-2.1649456,0.0,,,,,,,5907193,62
497,2026-03-22 11:54:09+00:00,,68.90865,-2.865656,0.0,,,,,,,5907193,63
498,2026-03-22 13:32:29+00:00,,68.92742,-2.9121602,0.0,,,,,,,5907193,63
499,2026-03-23 09:12:26+00:00,,68.9058,-2.8591192,0.0,,,,,,,5907193,63
500,2026-03-23 10:50:45+00:00,,68.9178,-2.8650887,0.0,,,,,,,5907193,63
501,2026-03-28 05:38:38+00:00,,68.63563,-3.7747293,25.0,,,,,,,5907193,64
502,2026-03-28 08:50:17+00:00,,68.59611,-3.7895424,0.0,,,,,,,5907193,64
503,2026-03-28 10:28:37+00:00,,68.626526,-3.7664733,0.0,,,,,,,5907193,64
504,2026-03-28 12:06:57+00:00,,68.62139,-3.780535,0.0,,,,,,,5907193,64
505,2026-03-28 13:45:16+00:00,,68.63962,-3.8252332,0.0,,,,,,,5907193,64
506,2026-04-02 08:28:06+00:00,,68.46316,-4.3706903,0.0,,,,,,,5907193,65
507,2026-04-02 10:06:26+00:00,,68.49266,-4.3810396,0.0,,,,,,,5907193,65
508,2026-04-02 11:44:45+00:00,,68.48495,-4.366478,0.0,,,,,,,5907193,65
509,2026-04-02 13:23:05+00:00,,68.49648,-4.356009,0.0,,,,,,,5907193,65
510,2026-04-07 09:44:11+00:00,,68.47504,-4.7932506,0.0,,,,,,,5907193,66
511,2026-04-07 11:22:30+00:00,,68.49766,-4.79119,0.0,,,,,,,5907193,66
512,2026-04-07 13:00:50+00:00,,68.487564,-4.8034496,0.0,,,,,,,5907193,66
513,2026-04-12 04:31:55+00:00,,68.590645,-4.957174,15.0,,,,,,,5907193,67
514,2026-04-12 09:21:53+00:00,,68.49863,-5.0393734,0.0,,,,,,,5907193,67
515,2026-04-12 11:00:13+00:00,,68.493935,-5.036154,0.0,,,,,,,5907193,67
516,2026-04-12 12:33:32+00:00,,68.500626,-5.0450935,0.0,,,,,,,5907193,67
517,2026-04-17 04:09:35+00:00,,68.78098,-4.9551444,15.0,,,,,,,5907193,68
518,2026-04-17 08:59:34+00:00,,68.51215,-5.0388026,0.0,,,,,,,5907193,68
519,2026-04-17 10:37:53+00:00,,68.52356,-5.0370626,0.0,,,,,,,5907193,68
520,2026-04-17 12:11:13+00:00,,68.51849,-5.0452747,0.0,,,,,,,5907193,68
521,2026-04-17 13:49:32+00:00,,68.53157,-5.051831,0.0,,,,,,,5907193,68
522,2026-04-22 03:47:31+00:00,,68.54286,-4.9546514,25.0,,,,,,,5907193,69
523,2026-04-22 08:37:30+00:00,,68.508675,-4.940796,0.0,,,,,,,5907193,69
524,2026-04-22 10:15:49+00:00,,68.539825,-4.941801,0.0,,,,,,,5907193,69
525,2026-04-22 11:49:09+00:00,,68.5489,-4.947535,0.0,,,,,,,5907193,69
526,2026-04-22 13:27:28+00:00,,68.53454,-4.9214387,0.0,,,,,,,5907193,69
527,2026-04-27 09:53:33+00:00,,68.428604,-5.2197347,0.0,,,,,,,5907193,70
528,2026-04-27 11:26:53+00:00,,68.420654,-5.2162786,0.0,,,,,,,5907193,70
529,2026-04-27 13:05:12+00:00,,68.429214,-5.2174344,0.0,,,,,,,5907193,70
530,2026-04-28 04:00:08+00:00,,68.43967,-5.2182283,25.0,,,,,,,5907193,70
531,2026-05-02 09:31:16+00:00,,68.32376,-5.5065565,0.0,,,,,,,5907193,71
532,2026-05-02 11:04:35+00:00,,68.35279,-5.4927692,0.0,,,,,,,5907193,71
533,2026-05-02 12:42:55+00:00,,68.34266,-5.486494,0.0,,,,,,,5907193,71
534,2026-05-03 03:37:50+00:00,,68.35636,-5.490274,25.0,,,,,,,5907193,71
535,2026-05-03 05:16:09+00:00,,68.33924,-5.504959,0.0,,,,,,,5907193,71
536,2026-05-07 09:08:52+00:00,,68.189545,-5.5573654,0.0,,,,,,,5907193,72
537,2026-05-07 10:42:11+00:00,,68.176674,-5.563565,22.0,0.277188241481781,17.656248092651367,5.642697215080261e-05,77.38560485839844,0.02831563539803028,1.0792224407196045,5907193,72
538,2026-05-07 12:20:31+00:00,,68.1824,-5.558137,25.0,0.3335101902484894,18.145763397216797,5.239794700173661e-05,89.55989837646484,0.050576865673065186,1.0420149564743042,5907193,72
539,2026-05-07 13:58:50+00:00,,68.1688,-5.5129204,0.0,,,,,,,5907193,72
540,2026-05-08 01:37:06+00:00,,68.165985,-5.5638237,25.0,,,,,,,5907193,72
541,2026-05-08 03:15:25+00:00,,68.17422,-5.558274,25.0,,,,,,,5907193,72
542,2026-05-08 04:53:45+00:00,,68.176865,-5.561053,0.0,,,,,,,5907193,72
543,2026-05-12 11:58:05+00:00,,67.936676,-5.559,0.0,,,,,,,5907193,73
544,2026-05-12 13:36:24+00:00,,67.93945,-5.5260987,0.0,,,,,,,5907193,73
545,2026-05-13 01:14:40+00:00,,67.93834,-5.5360227,25.0,,,,,,,5907193,73
546,2026-05-13 02:52:59+00:00,,67.93835,-5.555897,25.0,,,,,,,5907193,73
547,2026-05-13 04:31:18+00:00,,67.95663,-5.5474563,0.0,,,,,,,5907193,73
548,2026-05-13 09:16:17+00:00,,67.92868,-5.557023,0.0,,,,,,,5907193,73
549,2026-05-13 10:54:36+00:00,,67.94261,-5.5558515,25.0,0.5067577362060547,19.51167869567871,5.6585846323287115e-05,118.57640075683594,0.06601109355688095,0.8226989507675171,5907193,73
550,2026-05-18 00:52:11+00:00,,67.67649,-5.7095704,25.0,,,,,,,5907193,74
551,2026-05-18 02:30:30+00:00,,67.68537,-5.69359,25.0,,,,,,,5907193,74
552,2026-05-18 04:08:49+00:00,,67.6903,-5.710911,0.0,,,,,,,5907193,74
553,2026-05-18 08:53:47+00:00,,67.70062,-5.697636,0.0,,,,,,,5907193,74
554,2026-05-18 10:32:07+00:00,,67.69165,-5.683021,0.0,,,,,,,5907193,74
555,2026-05-18 12:10:26+00:00,,67.68229,-5.6938944,0.0,,,,,,,5907193,74
556,2026-02-19 11:53:10+00:00,,45.32132,-7.534727,0.0,,,,,,,6904183,195
557,2026-02-19 13:26:30+00:00,,45.33295,-7.531662,0.0,,,,,,,6904183,195
558,2026-02-28 13:45:52+00:00,,45.22951,-7.6090703,0.0,,,,,,,6904183,196
559,2026-03-11 11:58:29+00:00,,45.16049,-7.8129396,6.0,0.824942409992218,8.334798812866211,9.196996870741714e-06,167.35986328125,0.21658654510974884,1.6934322118759155,6904183,197
560,2026-03-11 13:36:48+00:00,,45.154587,-7.8455486,0.0,,,,,,,6904183,197
561,2026-03-31 12:08:18+00:00,,45.677864,-8.081329,0.0,,,,,,,6904183,199
562,2026-03-31 13:41:37+00:00,,45.681416,-8.091553,0.0,,,,,,,6904183,199
563,2026-04-10 12:57:07+00:00,,45.859413,-8.24625,0.0,,,,,,,6904183,200
564,2026-04-20 12:12:42+00:00,,45.767735,-8.3795805,0.0,,,,,,,6904183,201
565,2026-04-20 13:51:01+00:00,,45.76153,-8.383149,0.0,,,,,,,6904183,201
566,2026-05-10 12:21:43+00:00,,45.179676,-9.2109165,0.0,,,,,,,6904183,203
567,2026-05-10 14:00:03+00:00,,45.18362,-9.18866,0.0,,,,,,,6904183,203
568,2026-05-20 13:15:04+00:00,,45.07841,-9.624916,15.0,0.19716915488243103,37.908119201660156,0.00016149785369634628,71.2999267578125,0.016120199114084244,1.6955753564834595,6904183,204
569,2026-02-15 12:50:07+00:00,,49.005245,-16.697515,0.0,,,,,,,6990580,106
570,2026-02-15 14:28:27+00:00,,49.004917,-16.696672,0.0,,,,,,,6990580,106
571,2026-02-25 13:39:25+00:00,,48.713074,-16.904928,0.0,,,,,,,6990580,107
572,2026-03-07 12:55:26+00:00,,47.93819,-16.841698,0.0,,,,,,,6990580,108
573,2026-03-07 14:33:45+00:00,,47.939857,-16.83687,0.0,,,,,,,6990580,108
574,2026-03-17 12:11:16+00:00,,47.670933,-16.748192,0.0,,,,,,,6990580,109
575,2026-03-17 13:49:36+00:00,,47.67226,-16.74527,0.0,,,,,,,6990580,109
576,2026-03-26 14:08:48+00:00,,47.389782,-17.801369,0.0,,,,,,,6990580,110
577,2026-04-05 13:19:25+00:00,,47.31335,-18.576658,0.0,,,,,,,6990580,111
578,2026-04-15 12:34:49+00:00,,47.555496,-18.830082,0.0,,,,,,,6990580,112
579,2026-04-15 14:13:08+00:00,,47.539284,-18.848007,0.0,,,,,,,6990580,112
580,2026-04-25 13:28:48+00:00,,47.471,-19.266787,0.0,,,,,,,6990580,113
581,2026-05-05 12:44:08+00:00,,47.50881,-19.710564,0.0,,,,,,,6990580,114
582,2026-05-05 14:22:27+00:00,,47.496155,-19.709486,0.0,,,,,,,6990580,114
583,2026-05-14 13:02:45+00:00,,47.4419,-20.573023,0.0,,,,,,,6990580,115
584,2026-05-14 14:41:04+00:00,,47.437862,-20.586811,0.0,,,,,,,6990580,115
585,2026-02-18 12:56:34+00:00,,62.359665,-32.85288,0.0,,,,,,,6990636,76
586,2026-02-18 14:34:54+00:00,,62.35406,-32.856678,0.0,,,,,,,6990636,76
587,2026-02-28 12:12:33+00:00,,62.15925,-32.796284,0.0,,,,,,,6990636,77
588,2026-02-28 13:50:52+00:00,,62.169537,-32.7837,0.0,,,,,,,6990636,77
589,2026-02-28 15:29:12+00:00,,62.171604,-32.809948,0.0,,,,,,,6990636,77
590,2026-03-10 13:06:53+00:00,,62.063885,-32.214447,0.0,,,,,,,6990636,78
591,2026-03-10 14:45:12+00:00,,62.06443,-32.209084,0.0,,,,,,,6990636,78
592,2026-03-30 13:16:43+00:00,,62.422783,-31.12334,0.0,,,,,,,6990636,80
593,2026-03-30 14:50:03+00:00,,62.42269,-31.117867,0.0,,,,,,,6990636,80
594,2026-04-09 12:27:15+00:00,,62.417835,-30.617558,0.0,,,,,,,6990636,81
595,2026-04-09 14:05:35+00:00,,62.435738,-30.621487,0.0,,,,,,,6990636,81
596,2026-04-19 11:47:36+00:00,,62.955284,-30.580221,0.0,,,,,,,6990636,82
597,2026-04-19 13:20:55+00:00,,62.925983,-30.589502,0.0,,,,,,,6990636,82
598,2026-04-19 14:59:15+00:00,,62.91794,-30.603851,0.0,,,,,,,6990636,82
599,2026-04-29 12:36:38+00:00,,63.41634,-29.910282,0.0,,,,,,,6990636,83
600,2026-04-29 14:14:57+00:00,,63.426884,-29.903107,0.0,,,,,,,6990636,83
601,2026-05-09 05:28:35+00:00,,62.87776,-30.082613,25.0,,,,,,,6990636,84
602,2026-05-09 11:51:53+00:00,,62.913383,-30.08648,0.0,,,,,,,6990636,84
603,2026-05-09 13:30:12+00:00,,62.906986,-30.08946,0.0,,,,,,,6990636,84
604,2026-05-09 15:08:31+00:00,,62.89942,-30.064537,0.0,,,,,,,6990636,84
605,2026-05-19 04:43:39+00:00,,62.565807,-30.837154,25.0,,,,,,,6990636,85
606,2026-05-19 12:45:15+00:00,,62.573227,-30.854988,0.0,,,,,,,6990636,85
607,2026-05-19 14:18:34+00:00,,62.182064,-30.790722,0.0,,,,,,,6990636,85
608,2026-02-16 13:25:02+00:00,,57.89287,-46.81902,0.0,,,,,,,6990668,133
609,2026-02-16 15:03:21+00:00,,57.87704,-46.83687,0.0,,,,,,,6990668,133
610,2026-02-16 16:41:41+00:00,,57.88082,-46.93905,0.0,,,,,,,6990668,133
611,2026-02-26 14:19:21+00:00,,57.880318,-46.36245,0.0,,,,,,,6990668,134
612,2026-02-26 15:57:41+00:00,,57.89226,-46.366306,0.0,,,,,,,6990668,134
613,2026-03-08 13:35:21+00:00,,57.643974,-45.497684,0.0,,,,,,,6990668,135
614,2026-03-08 15:13:41+00:00,,57.65664,-45.487827,0.0,,,,,,,6990668,135
615,2026-03-18 14:29:30+00:00,,57.952675,-43.746166,0.0,,,,,,,6990668,136
616,2026-03-18 16:02:50+00:00,,57.956295,-43.718494,0.0,,,,,,,6990668,136
617,2026-03-28 13:40:16+00:00,,58.451443,-42.27576,0.0,,,,,,,6990668,137
618,2026-03-28 15:18:36+00:00,,58.456207,-42.262936,0.0,,,,,,,6990668,137
619,2026-04-07 14:34:09+00:00,,58.49886,-43.558228,0.0,,,,,,,6990668,138
620,2026-04-07 16:12:29+00:00,,58.489174,-43.52935,0.0,,,,,,,6990668,138
621,2026-04-17 13:49:32+00:00,,58.612568,-45.0501,0.0,,,,,,,6990668,139
622,2026-04-17 15:27:51+00:00,,58.609116,-45.057663,0.0,,,,,,,6990668,139
623,2026-04-27 14:43:32+00:00,,59.404774,-45.386402,0.0,,,,,,,6990668,140
624,2026-04-27 16:21:51+00:00,,59.39913,-45.35335,0.0,,,,,,,6990668,140
625,2026-05-07 13:58:50+00:00,,59.0016,-47.109707,0.0,,,,,,,6990668,141
626,2026-05-07 15:32:09+00:00,,59.019108,-47.090332,0.0,,,,,,,6990668,141
627,2026-05-17 14:49:17+00:00,,59.18995,-47.192127,0.0,,,,,,,6990668,142
628,2026-05-17 16:25:33+00:00,,59.184566,-47.23535,24.0,,,,,,,6990668,142
629,2026-02-14 10:41:51+00:00,,63.748898,-7.671868,0.0,,,,,,,7902203,125
630,2026-02-14 12:15:11+00:00,,63.75617,-7.670993,0.0,,,,,,,7902203,125
631,2026-02-14 13:53:31+00:00,,63.747944,-7.630506,0.0,,,,,,,7902203,125
632,2026-02-19 10:19:51+00:00,,63.696632,-7.4692864,0.0,,,,,,,7902203,126
633,2026-02-19 11:53:10+00:00,,63.71269,-7.461493,15.0,0.25553783774375916,19.213804244995117,6.224773824214935e-05,72.52490234375,0.035869091749191284,2.971386671066284,7902203,126
634,2026-02-19 13:31:30+00:00,,63.718857,-7.454654,0.0,,,,,,,7902203,126
635,2026-02-24 11:31:10+00:00,,63.617825,-7.0293674,0.0,,,,,,,7902203,127
636,2026-02-24 13:09:30+00:00,,63.61461,-7.0362964,0.0,,,,,,,7902203,127
637,2026-03-01 11:09:09+00:00,,63.282566,-6.7950745,0.0,,,,,,,7902203,128
638,2026-03-01 12:47:28+00:00,,63.26491,-6.8116684,0.0,,,,,,,7902203,128
639,2026-03-06 10:47:11+00:00,,62.99216,-6.245295,0.0,,,,,,,7902203,129
640,2026-03-06 12:25:30+00:00,,62.982788,-6.261359,0.0,,,,,,,7902203,129
641,2026-03-06 14:03:50+00:00,,63.008175,-6.393415,0.0,,,,,,,7902203,129
642,2026-03-11 10:25:09+00:00,,62.96834,-6.1208987,0.0,,,,,,,7902203,130
643,2026-03-11 12:03:29+00:00,,62.970333,-6.1282363,0.0,,,,,,,7902203,130
644,2026-03-11 13:41:48+00:00,,62.97685,-6.141967,0.0,,,,,,,7902203,130
645,2026-03-16 10:03:02+00:00,,62.84642,-5.166746,0.0,,,,,,,7902203,131
646,2026-03-16 11:41:22+00:00,,62.857975,-5.171859,17.0,0.22097459435462952,10.74307918548584,3.419741915422492e-05,55.139892578125,0.025078531354665756,1.210181474685669,7902203,131
647,2026-03-25 12:00:34+00:00,,62.743366,-3.5600445,0.0,,,,,,,7902203,133
648,2026-03-25 13:33:53+00:00,,62.740227,-3.5215194,0.0,,,,,,,7902203,133
649,2026-03-29 11:03:31+00:00,,62.61116,-3.539098,0.0,,,,,,,7902203,134
650,2026-03-29 12:36:51+00:00,,62.622177,-3.5359008,0.0,,,,,,,7902203,134
651,2026-03-30 10:00:04+00:00,,62.5823,-3.5360487,0.0,,,,,,,7902203,134
652,2026-04-02 10:06:26+00:00,,62.503525,-3.4863787,0.0,,,,,,,7902203,135
653,2026-04-02 11:39:45+00:00,,62.48325,-3.4965942,0.0,,,,,,,7902203,135
654,2026-04-02 13:18:05+00:00,,62.477257,-3.5256565,0.0,,,,,,,7902203,135
655,2026-04-06 10:47:38+00:00,,62.515205,-3.7380936,0.0,,,,,,,7902203,136
656,2026-04-06 12:20:57+00:00,,62.52631,-3.7291179,0.0,,,,,,,7902203,136
657,2026-04-10 11:23:48+00:00,,62.193356,-3.3151968,0.0,,,,,,,7902203,137
658,2026-04-10 13:02:07+00:00,,62.186848,-3.3085907,0.0,,,,,,,7902203,137
659,2026-04-14 12:04:57+00:00,,61.84855,-3.640059,2.0,0.21376973390579224,22.405582427978516,6.599724292755127e-05,65.0,0.020078100264072418,1.407348394393921,7902203,138
660,2026-04-14 13:43:16+00:00,,61.84752,-3.5916717,0.0,,,,,,,7902203,138
661,2026-04-15 11:01:29+00:00,,61.831856,-3.6484046,0.0,,,,,,,7902203,138
662,2026-04-19 11:42:36+00:00,,61.914047,-3.5821776,0.0,,,,,,,7902203,139
663,2026-04-19 13:20:55+00:00,,61.903408,-3.6112382,0.0,,,,,,,7902203,139
664,2026-04-20 10:39:22+00:00,,61.92894,-3.581979,0.0,,,,,,,7902203,139
665,2026-04-24 11:20:36+00:00,,61.63919,-3.9439995,0.0,,,,,,,7902203,140
666,2026-04-28 13:40:05+00:00,,61.463005,-4.3337355,0.0,,,,,,,7902203,141
667,2026-04-29 10:58:18+00:00,,61.4708,-4.287131,0.0,,,,,,,7902203,141
668,2026-04-29 12:36:38+00:00,,61.469734,-4.2743526,0.0,,,,,,,7902203,141
669,2026-05-04 10:35:58+00:00,,61.469055,-3.8552537,0.0,,,,,,,7902203,142
670,2026-05-04 12:14:17+00:00,,61.47437,-3.8524435,0.0,,,,,,,7902203,142
671,2026-05-09 03:50:16+00:00,,61.50988,-4.1615424,25.0,,,,,,,7902203,143
672,2026-05-09 10:13:34+00:00,,61.48352,-4.159809,0.0,,,,,,,7902203,143
673,2026-05-09 11:51:53+00:00,,61.49847,-4.164812,0.0,,,,,,,7902203,143
674,2026-05-14 03:27:49+00:00,,61.15617,-3.8040373,25.0,,,,,,,7902203,144
675,2026-05-14 11:29:26+00:00,,61.167503,-3.8180065,0.0,,,,,,,7902203,144
676,2026-05-14 13:02:45+00:00,,61.169624,-3.8084078,0.0,,,,,,,7902203,144
677,2026-05-18 13:43:45+00:00,,61.207123,-4.1988363,0.0,,,,,,,7902203,145
678,2026-05-19 03:05:20+00:00,,61.45619,-4.1695395,15.0,,,,,,,7902203,145
679,2026-05-19 11:06:56+00:00,,61.19677,-4.238242,0.0,,,,,,,7902203,145
680,2026-05-19 12:40:15+00:00,,61.203,-4.233961,0.0,,,,,,,7902203,145
681,2026-02-14 12:20:11+00:00,,62.852077,-29.143583,0.0,,,,,,,7902223,63
682,2026-02-14 13:53:31+00:00,,62.858707,-29.141651,0.0,,,,,,,7902223,63
683,2026-02-14 15:31:50+00:00,,62.847057,-29.195015,0.0,,,,,,,7902223,63
684,2026-02-24 11:36:10+00:00,,63.218037,-29.36329,0.0,,,,,,,7902223,64
685,2026-02-24 13:09:30+00:00,,63.2169,-29.359354,0.0,,,,,,,7902223,64
686,2026-02-24 14:47:49+00:00,,63.219692,-29.357462,0.0,,,,,,,7902223,64
687,2026-03-06 12:25:30+00:00,,63.35675,-29.429619,0.0,,,,,,,7902223,65
688,2026-03-06 14:03:50+00:00,,63.34089,-29.453255,0.0,,,,,,,7902223,65
689,2026-03-16 11:41:22+00:00,,63.25668,-29.941988,0.0,,,,,,,7902223,66
690,2026-03-16 13:19:41+00:00,,63.226322,-29.960415,0.0,,,,,,,7902223,66
691,2026-03-16 14:58:01+00:00,,63.229473,-29.934319,0.0,,,,,,,7902223,66
692,2026-03-26 12:35:28+00:00,,63.458534,-29.95842,0.0,,,,,,,7902223,67
693,2026-03-26 14:13:48+00:00,,63.444412,-29.965796,0.0,,,,,,,7902223,67
694,2026-04-05 11:51:05+00:00,,63.81314,-30.145031,0.0,,,,,,,7902223,68
695,2026-04-05 13:24:25+00:00,,63.807194,-30.145617,0.0,,,,,,,7902223,68
696,2026-04-05 15:02:44+00:00,,63.813496,-30.127975,0.0,,,,,,,7902223,68
697,2026-04-15 12:39:49+00:00,,63.56985,-30.415821,0.0,,,,,,,7902223,69
698,2026-04-15 14:18:08+00:00,,63.578026,-30.398066,0.0,,,,,,,7902223,69
699,2026-04-25 11:55:29+00:00,,63.363846,-29.659039,0.0,,,,,,,7902223,70
700,2026-04-25 13:33:48+00:00,,63.36625,-29.666054,0.0,,,,,,,7902223,70
701,2026-04-25 15:12:08+00:00,,63.369305,-29.64686,0.0,,,,,,,7902223,70
702,2026-05-05 12:49:08+00:00,,62.96382,-30.04151,0.0,,,,,,,7902223,71
703,2026-05-05 14:27:27+00:00,,62.97417,-30.025105,0.0,,,,,,,7902223,71
704,2026-05-15 05:40:58+00:00,,62.46537,-30.28289,0.0,,,,,,,7902223,72
705,2026-05-15 12:04:16+00:00,,62.496624,-30.281631,0.0,,,,,,,7902223,72
706,2026-05-15 13:42:35+00:00,,62.47216,-30.287832,4.0,0.18095305562019348,36.30472946166992,0.00013599544763565063,68.60009765625,0.018105698749423027,2.0959765911102295,7902223,72
707,2026-05-15 15:15:54+00:00,,62.468395,-30.260357,0.0,,,,,,,7902223,72
